id,source,promise,horizon,implementation,gap,corrective_task,acceptance,evidence,MACHINE,HUMAN
S01,Mission §1; Local #35.1,"Initial project understanding without prior task, AI key or Portal",Alpha,Core structure_scan.py; Local project-scan.mjs + cockpit,No prior inventory on historical main,Deliver explicit cockpit/CLI first scan,task-free real Core initial scan and corpus,"core-scan-freeze.log: 13 tests, 12 PASS / 1 OS symlink fixture skip; local-scan-freeze.log: 4/4",TARGETED_PASS; full qualification pending,NOT_RUN
S02,"Mission §5, inventory lanes",Sources/tests/manifests/entry/API/DDL/CI/config/selected docs distinguished,Alpha,Core structure_scan.py; Local project-scan.mjs + cockpit; structure_summary.py,Role is inferred; unavailable grammars remain unparsed,Retain lane counters and source descriptions,multi-layer corpus and installed grammar job,Pending frozen-candidate result,PENDING,NOT_RUN
S03,"Mission §5, exclusions","Tracked credentials, env, hidden/build/dependency/generated/binary exclusions",Alpha,Core exclusion + bounded source admission,Symlink creation unavailable in this Windows sandbox,Run Linux/macOS/Windows boundary gates,"tracked sensitive fixtures, link/junction escape, CI targeted inclusion",Pending frozen-candidate result,PENDING,NOT_RUN
S04,"Mission §5, no execution","No scripts, hooks, dependencies or implicit network during scan",Alpha,Git blob readers / Python AST / pinned optional syntax,No dynamic resolution claimed,Preserve offline boundary,side_effect fixture leaves marker absent; no key or Portal,Pending frozen-candidate result,PENDING,NOT_RUN
S05,"Mission §5, HEAD/WORKTREE",Immutable committed frame separated from dirty/new/renamed/deleted working files,Alpha,Core structure_scan.py; Local project-scan.mjs + cockpit,WORKTREE freshness is captured-only,Separate pointers and capture provenance,source remains original after edits; deletion/new-file captures,"core-scan-freeze.log: 13 tests, 12 PASS / 1 OS symlink fixture skip; local-scan-freeze.log: 4/4",TARGETED_PASS; full qualification pending,NOT_RUN
S06,"Mission §5, coherence",No mixed capture when repository mutates,Alpha,Core two inventories + per-file identity; immutable Git blobs,Initial capture cannot pause inside a syscall,Reject mutated WORKTREE and require restart,mutation-during-capture failure; same-frame pagination,"core-scan-freeze.log: 13 tests, 12 PASS / 1 OS symlink fixture skip; local-scan-freeze.log: 4/4",TARGETED_PASS; full qualification pending,NOT_RUN
S07,"Core@018eae598b6c048b6c072c49cf1c124c9b46f13b/docs/STRUCTURE_EXTRACTION.md, shared transport; Mission §5",Public versioned paginated structural boundary,Alpha,structure-snapshot-1/page-1/source-1; Local typed admission,No private SQLite consumer coupling,"Publish contract/schema and validate digest, page, authority",mixed snapshot/profile/selection/cursor rejected,"core-scan-freeze.log: 13 tests, 12 PASS / 1 OS symlink fixture skip; local-scan-freeze.log: 4/4",TARGETED_PASS; full qualification pending,NOT_RUN
S08,"Core@018eae598b6c048b6c072c49cf1c124c9b46f13b/docs/STRUCTURE_PROVIDERS.md, identity/provenance","Exact paths, hashes, spans, parser versions and authority",Alpha,Shared provider IDs + profile; immutable excerpts,Name-based resolution remains inferred; ambiguous import unresolved,Retain provider limitations in view,provider suite + immutable citation + path identity gates,Pending frozen-candidate result,PENDING,NOT_RUN
S09,"Mission §5, coverage",Inventory denominator and every omission/error remain visible,Alpha,Core status/reason counters; Local/Portal coverage,Excluded WORKTREE directory contents not enumerated,Report incomplete enumeration independently of page exhaustion,file/byte/inventory/directory limits; unsupported grammar,Pending frozen-candidate result,PENDING,NOT_RUN
S10,"Mission §5, budgets",Heavy work outside hooks with progress/cancel/resume,Alpha,"Dedicated batches, OS writer lock, durable Local job",Cooperative cancellation between batches only,Document dedicated budgets without changing hook limits,pause/restart CLI; concurrent writer rejection; existing perf gates,"core-scan-freeze.log: 13 tests, 12 PASS / 1 OS symlink fixture skip; local-scan-freeze.log: 4/4",TARGETED_PASS; full qualification pending,NOT_RUN
S11,"Mission §5, reuse/invalidation",Reuse by content/profile; no duplicated facts or automatic paid reanalysis,Alpha,Core facts cache; immutable Local models; explicit BYOK only,Profile changes need explicit rescan,Invalidate changed source/config/parser and outgoing links,same-content commit reuse; changed provider and source tests,"core-scan-freeze.log: 13 tests, 12 PASS / 1 OS symlink fixture skip; local-scan-freeze.log: 4/4",TARGETED_PASS; full qualification pending,NOT_RUN
S12,Local #35.7; Mission §5,Commit/task incrementality preserves historical memory,Alpha,Cockpit 15s HEAD watch; existing task lens; immutable old frames,WORKTREE remains explicit; rename lineage not guessed,Refresh selected baseline and retain original citations,real commit refresh + old source retrieval,"core-scan-freeze.log: 13 tests, 12 PASS / 1 OS symlink fixture skip; local-scan-freeze.log: 4/4",TARGETED_PASS; full qualification pending,NOT_RUN
U01,Local #35.2; gap #36 §4B,Owner intent separated from product blueprint and verified reality,Alpha,Selected document declarations + intentMap + Core context,Automatic semantic fulfillment is UNKNOWN without evidence,"Expose declaration, candidates, test status and historical assurance separately",unimplemented planned item remains UNKNOWN; no invented objective,Pending frozen-candidate result,PENDING,NOT_RUN
U02,Local #35.4; gap #36 §4B,Navigate component/test/dependency/decision/debt/exact Proof links,Alpha,project-navigation.mjs joins admitted Core relations and static imports,Context bounded to 8 items; imported tests are not coverage,Offer exact event/source reads and full Core history commands,real declaration source read and handoff; forged source hash rejected,project-corpus.log PASS plus local-scan-freeze.log; preserved feature suites pending freeze,TARGETED_PASS; combined criterion pending,NOT_RUN
U03,Local #35.5; gap #36 §4F,"Explain behaviors and their connections, not only paths",Alpha,Condition/return/raise clauses; import links; entry candidates,No runtime composition from independent calculations,Show actual expressions and unknown rationale,generic corpus thresholds + complementary layers + source spans,project-corpus.log PASS plus local-scan-freeze.log; preserved feature suites pending freeze,TARGETED_PASS; combined criterion pending,NOT_RUN
U04,Local #35.6; Core PRODUCT_SURFACES.md/Reversible experience level,Guided and Technical share facts; five questions under three clicks,Alpha,Cockpit filtering/drilldown; technical extraction; source/event buttons,Interactive runtime unavailable locally,Run Chromium recipe and signed human click-count exercise,project-browser-recipe + 30-question human corpus,Pending frozen-candidate result,PENDING,NOT_RUN
U05,Local #35 corpus HUMAIN; #32,"30–50 facts, 20–40 questions, >90% provenance/factual score, zero invented systems",Alpha,Synthetic multi-layer corpus + signed acceptance sheet,No real voluntary project or human evaluators supplied,Prepare oracle and obtain technical/nontechnical HUMAN review,40-fact / 30-question sheet; no conversion of MACHINE into HUMAN,Pending frozen-candidate result,PENDING,NOT_RUN
U06,Local #29; PR #31; PR #36 gap §§2–3,"No invented SQL, external boundary or stale quiz semantics",Alpha,Preserved #31/#36; new scan never promotes technology names,Historical observations unchanged,Retain generic positive/negative regression fixtures,feature-review suite and pure calculation corpus,project-corpus.log PASS plus local-scan-freeze.log; preserved feature suites pending freeze,TARGETED_PASS; combined criterion pending,NOT_RUN
U07,gap #36 §4C; Core DEBT_SENSORS.md/Trust boundary + Accounting policy,Source-bound duplicate/conflict candidates preserve differing literals/guards,Alpha,Core redundancy primitives; review candidates and exact-byte groups,"No equivalence, unused-code certainty or automatic consolidation","Expose callers, differences, limitations and discriminating test","literal duplicate, differing condition, complementary wrapper, dynamic loader",project-corpus.log PASS plus local-scan-freeze.log; preserved feature suites pending freeze,TARGETED_PASS; combined criterion pending,NOT_RUN
U08,gap #36 §4D; #35.7,Observation enrichment is not an architecture change,Alpha,Comparison distinguishes profile/selection change from source hashes,Rename identity UNKNOWN when not established,Keep historical frame and new classification,profile-only update not runtime-boundary claim,project-corpus.log PASS plus local-scan-freeze.log; preserved feature suites pending freeze,TARGETED_PASS; combined criterion pending,NOT_RUN
M01,"Core@018eae598b6c048b6c072c49cf1c124c9b46f13b/docs/TASK_MEMORY.md, paragraphs 1–5; #74 PM-002",Durable task identity across follow-ups and exact boundary participation,Alpha,Existing Core task events; Local active task lens; preserved native hooks,A task association never proves completion,Preserve identity/privacy and show exact change separately,Core task suite; continuity-core-smoke; native golden Stop,Pending frozen-candidate result,PENDING,NOT_RUN
M02,"Core@018eae598b6c048b6c072c49cf1c124c9b46f13b/docs/CONTEXT_SOURCES.md, source object and snapshot semantics",Every selected assertion carries its actual source event/hash,Alpha,Core context + Local original event button,Eight-item context is not exhaustive journal history,Reject mismatched citation and display unavailable context,real declared event lookup + wrong hash rejection,"core-scan-freeze.log: 13 tests, 12 PASS / 1 OS symlink fixture skip; local-scan-freeze.log: 4/4",TARGETED_PASS; full qualification pending,NOT_RUN
M03,Core@018eae598b6c048b6c072c49cf1c124c9b46f13b/docs/MEMORY_NAVIGATION.md/Read the rest of a history,"Stable cursor over immutable journal prefix, complete history available",Alpha,Existing Core why/history/events; handoff cites IDs/hashes,Local bounded context does not paginate full history inline,Document Core cursor commands; preserve Portal longitudinal reader,Core history suite + G7 + Portal longitudinal recipe,Pending frozen-candidate result,PENDING,NOT_RUN
M04,"Core@018eae598b6c048b6c072c49cf1c124c9b46f13b/docs/MEMORY_LIFECYCLE.md, commands and authority",Confirm/reject/retire/supersede retains original assertions,Alpha,Existing Core lifecycle and Portal event history retained,Confirmation remains DECLARED; historical Proof not current applicability,Preserve lifecycle/source fields in handoff,Core lifecycle suite + continuity consumer + Portal history,Pending frozen-candidate result,PENDING,NOT_RUN
M05,#74 PM-001 / Trusted Project Memory ABI,Canonical events/IDs/typed admission remain Core-owned,Alpha,Reuse Core contracts; Local scan is derived advisory state,No duplicate canonical event writer added,Reject forged authority and mismatched change identity,Core contract suites + Local structural validator + Portal gate,Pending frozen-candidate result,PENDING,NOT_RUN
M06,#74 PM-003 / Bootstrap existing Git history,Existing repositories and prior commits need no agent history,Alpha,Existing Git bootstrap preserved; new initial source baseline independent,Unrecorded rationale remains unknown,Retain existing history command contracts,Core all-branch/first-parent bootstrap tests; fresh project scan,Pending frozen-candidate result,PENDING,NOT_RUN
M07,#74 PM-005 / Longitudinal component/symbol/feature identity,Stable identities where contract supports them,Alpha,Core path IDs; source hashes; existing feature lineage untouched,Cross-path rename/refactor identity is not inferred,Preserve established lineage; report unknown rename,existing feature-lineage/history smoke; content-identical commit test,Pending frozen-candidate result,PENDING,NOT_RUN
M08,#74 PM-007 / Memory drift and revalidation,Stale assertions not promoted by fresh source or quiz,Alpha,Existing drift/lifecycle; source profile comparison,Current applicability requires separate revalidation,Keep freshness and applicability visible,Core drift/lifecycle; feature review stale challenge; capture history,Pending frozen-candidate result,PENDING,NOT_RUN
M09,#74 PM-008 / Context compiler v2; PM-009 / Why/history/context UX,Grounded reasons with authority and navigable provenance,Alpha,Existing Core context plus source event button and task lens,Missing supported relation remains unknown,Use received relations without causal inheritance,Core navigation/context suites + real handoff test,Pending frozen-candidate result,PENDING,NOT_RUN
M10,#74 PM-010 / Shared agent handoff protocol,Human or another agent can resume from sourced task context,Alpha,idleproof project handoff CLI/copy includes baseline and bounded canonical context,Local handoff may contain source and must be reviewed before sharing,"Preserve IDs, dates, source pointers, debt and next evidence",process restart + Core context/citation + old frame retrieval,Pending frozen-candidate result,PENDING,NOT_RUN
M11,#74 PM-011 / Multi-writer continuity,Concurrent writers preserve existing canonical history,Alpha,Core canonical locks unchanged; scan job and publication locks,No new merge algorithm or journal rewrite,Reject concurrent scan publication,Core writer suites + source lock test + Local owned-lock suite,Pending frozen-candidate result,PENDING,NOT_RUN
M12,#74 PM-012 / Long-history store performance,Keep published hook budgets and historical incidents,Alpha,Heavy scan isolated; dedicated bounded jobs; tiny Portal summary,100k budget and first-call Windows/macOS incidents remain OPEN,Preserve original gates; do not increase hook deadlines,existing Core benchmark and Local perf gates; no new readiness claim,Pending frozen-candidate result,PENDING,NOT_RUN
M13,#74 PM-013 / Portal longitudinal memory store,Durable received memory and idempotent cursor/replay,Alpha,Existing paged memory transport/store; structural metadata uses snapshot JSON,Real DB qualification pending here,Run pinned producer + real disposable DB recipes,Portal longitudinal recipe; G7–G9,Pending frozen-candidate result,PENDING,NOT_RUN
M14,#74 PM-014 / Portal project mental model,Longitudinal received project view with honest source/coverage,Alpha,StructuralSnapshotCard + ProjectMemoryHistory and existing understanding view,Portal does not acquire local bodies/docs or reconstruct omitted snapshots,Expose bounded operation metadata and missing source guidance,real Core→Local→Portal validator; legacy receipt; Chromium recipe,portal-understanding-final.log: actual validator and same-receipt assessment boundary PASS; DB NOT_RUN,BOUNDARY_PASS; full UI/DB pending,NOT_RUN
M15,#74 PM-015 / Grounded memory Q&A,Questions answer from scoped facts with unknowns and sources,Alpha,"Deterministic map, Core query context; optional cited interpreter",Factual utility score requires human corpus,Keep unsupported answers unknown,generic corpus + citation rejection + HUMAN question sheet,Pending frozen-candidate result,PENDING,NOT_RUN
M16,#74 PM-016 / User understanding memory; Portal #48.1–4,Human mastery distinct from scan/AI and Proof/debt,Alpha,Local/Portal labels; counts and same-receipt scores,Legacy counts unavailable; no zero-denominator mastery,Not assessed for zero checks; preserve historical scores,zero/false/correct/multiple/stale/legacy assessment fixtures,portal-understanding-final.log: actual validator and same-receipt assessment boundary PASS; DB NOT_RUN,BOUNDARY_PASS; full UI/DB pending,NOT_RUN
M17,#74 PM-017 / Next-change impact analysis,"Next action and risk are sourced, not inferred execution",Alpha,Existing Core impact; task path lens/test candidates/required evidence,Static dependencies do not establish runtime blast radius,Show limitations and proposed tests,Core impact + project model tests + handoff corpus,Pending frozen-candidate result,PENDING,NOT_RUN
M18,#74 PM-018 / Vision qualification / ContinuityBench v2,Cross-product evidence for user-visible understanding,Alpha,"Coordinated gates, matrix, source manifest and HUMAN sheet",Independent review/HUMAN missing,Preserve pending gates and exact version set,complete CI + operator recipe; no Alpha Ready shortcut,Pending frozen-candidate result,PENDING,NOT_RUN
G1,"Local #34, G1",unchanged native Stop,Alpha,Executable fixtures/gates; synthetic identities only,Frozen coordinated machine execution pending; HUMAN distinct,"Run gate, fail closed on missing/failing required result",real Core native session-start/stop; strict Local JSON protocol,Pending frozen-candidate result,PENDING,NOT_RUN
G2,"Local #34, G2",10% threshold 100 with discriminating evidence,Alpha,Executable fixtures/gates; synthetic identities only,Frozen coordinated machine execution pending; HUMAN distinct,"Run gate, fail closed on missing/failing required result",golden-core-journey: real prove/verify against exact candidate,Pending frozen-candidate result,PENDING,NOT_RUN
G3,"Local #34, G3",second new-file threshold 80 has distinct change ID,Alpha,Executable fixtures/gates; synthetic identities only,Frozen coordinated machine execution pending; HUMAN distinct,"Run gate, fail closed on missing/failing required result",golden-core-journey: three independent Core identities,Pending frozen-candidate result,PENDING,NOT_RUN
G4,"Local #34, G4",third rule per 10 units and final 11 tests,Alpha,Executable fixtures/gates; synthetic identities only,Frozen coordinated machine execution pending; HUMAN distinct,"Run gate, fail closed on missing/failing required result",golden-core-journey: 3+4+4 discriminating tests,Pending frozen-candidate result,PENDING,NOT_RUN
G5,"Local #34, G5",zero versus absent debt; positive obligation; budget rejection,Alpha,Executable fixtures/gates; synthetic identities only,Frozen coordinated machine execution pending; HUMAN distinct,"Run gate, fail closed on missing/failing required result",portal-assurance tests + real positive debt budget zero,Pending frozen-candidate result,PENDING,NOT_RUN
G6,"Local #34, G6",exact-change Portal join; advisory does not revoke Proof,Alpha,Executable fixtures/gates; synthetic identities only,Frozen coordinated machine execution pending; HUMAN distinct,"Run gate, fail closed on missing/failing required result",Local admission negative test + Portal G6 real DB/browser,Pending frozen-candidate result,PENDING,NOT_RUN
G7,"Local #34, G7","DECLARED decision, cursor and idempotent replay",Alpha,Executable fixtures/gates; synthetic identities only,Frozen coordinated machine execution pending; HUMAN distinct,"Run gate, fail closed on missing/failing required result",real Core journal read/replay/caught-up cursor + Portal longitudinal recipe,Pending frozen-candidate result,PENDING,NOT_RUN
G8,"Local #34, G8","A→B→restore A→replay original B, no new Proof",Alpha,Executable fixtures/gates; synthetic identities only,Frozen coordinated machine execution pending; HUMAN distinct,"Run gate, fail closed on missing/failing required result",Portal alpha-local real backup/restore + original receipt/certificate hashes,Pending frozen-candidate result,PENDING,NOT_RUN
G9,"Local #34, G9",repeated ipsnap yields snapshots 1→1 and assurance 1→1,Alpha,Executable fixtures/gates; synthetic identities only,Frozen coordinated machine execution pending; HUMAN distinct,"Run gate, fail closed on missing/failing required result",Portal G9 exact original receipt second POST and DB counts,Pending frozen-candidate result,PENDING,NOT_RUN
G10,"Local #34, G10",no orphan child; verify process identity; foreign port stays intact,Alpha,Executable fixtures/gates; synthetic identities only,Frozen coordinated machine execution pending; HUMAN distinct,"Run gate, fail closed on missing/failing required result",Portal real Linux L2/L5 + lifecycle tests,Pending frozen-candidate result,PENDING,NOT_RUN
G11,"Local #34, G11",offline Portal leaves local assurance intact; retry once,Alpha,Executable fixtures/gates; synthetic identities only,Frozen coordinated machine execution pending; HUMAN distinct,"Run gate, fail closed on missing/failing required result",Local offline queue + Portal auto-debt real-stack recipe,Pending frozen-candidate result,PENDING,NOT_RUN
G12,"Local #34, G12",no invented SQL and no AI-created Proof,Alpha,Executable fixtures/gates; synthetic identities only,Frozen coordinated machine execution pending; HUMAN distinct,"Run gate, fail closed on missing/failing required result",preserved #31/#36; BYOK authority/citation/fallback tests,Pending frozen-candidate result,PENDING,NOT_RUN
A1,Local #33; gap #36 §4E,Optional BYOK never required for deterministic use,Alpha,byok.mjs/byok-storage.mjs/CLI/cockpit,Live provider NOT_RUN; no key requested in conversation,Qualify offline transport independently; operator owns real provider step,fresh offline corpus without provider config,Pending frozen-candidate result,PENDING,NOT_RUN
A2,Local #33; gap #36 §4E,Dedicated key stays local; secure storage and rotation/revocation,Alpha,byok.mjs/byok-storage.mjs/CLI/cockpit,Live provider NOT_RUN; no key requested in conversation,Qualify offline transport independently; operator owns real provider step,DPAPI/0600 tests; configure stdin; status redaction,local-byok-navigation.log: 7/7 targeted transport/navigation tests,TARGETED_PASS; live provider NOT_RUN,NOT_RUN
A3,Local #33; gap #36 §4E,Explicit model and exact preview consent before transmission,Alpha,byok.mjs/byok-storage.mjs/CLI/cockpit,Live provider NOT_RUN; no key requested in conversation,Qualify offline transport independently; operator owns real provider step,changed digest rejected; source/memory opt-in packet,local-byok-navigation.log: 7/7 targeted transport/navigation tests,TARGETED_PASS; live provider NOT_RUN,NOT_RUN
A4,Local #33; gap #36 §4E,Bounded cost/input/output/time and no implicit retry,Alpha,byok.mjs/byok-storage.mjs/CLI/cockpit,Live provider NOT_RUN; no key requested in conversation,Qualify offline transport independently; operator owns real provider step,"live tariffs/key-cap mocks; budget, timeout, oversize, cancellation",local-byok-navigation.log: 7/7 targeted transport/navigation tests,TARGETED_PASS; live provider NOT_RUN,NOT_RUN
A5,Local #33; gap #36 §4E,Errors preserve deterministic result and never claim a free successful call,Alpha,byok.mjs/byok-storage.mjs/CLI/cockpit,Live provider NOT_RUN; no key requested in conversation,Qualify offline transport independently; operator owns real provider step,401/403/429/offline/invalid JSON/unknown billing tests,local-byok-navigation.log: 7/7 targeted transport/navigation tests,TARGETED_PASS; live provider NOT_RUN,NOT_RUN
A6,Local #33; gap #36 §4E,Cited INFERRED interpretation cannot alter canonical authority,Alpha,byok.mjs/byok-storage.mjs/CLI/cockpit,Live provider NOT_RUN; no key requested in conversation,Qualify offline transport independently; operator owns real provider step,unknown citation rejection; no state/Proof/debt writer,local-byok-navigation.log: 7/7 targeted transport/navigation tests,TARGETED_PASS; live provider NOT_RUN,NOT_RUN
A7,Local #33; gap #36 §4E,Operational provider success and measured usefulness,Alpha,byok.mjs/byok-storage.mjs/CLI/cockpit,Live provider NOT_RUN; no key requested in conversation,Qualify offline transport independently; operator owns real provider step,operator-capped key recipe with latency/tokens/provider cost and human corpus,Pending frozen-candidate result,PENDING,NOT_RUN
P1,Portal@7d8f2847ad1e717a97270750958b4cf243db4aab/docs/COMMERCIAL_CONTROL_PLANE_BLUEPRINT.md §3.1–3.4,"Local truth, Cloud never creates Proof, Protect separate, unknown remains unknown",Alpha,Core/Local/Portal boundaries and unchanged assurance store,Strategic blueprint status is interpreted with §20 roadmap and specific current Alpha issues,Verify relevant current scope without silently expanding or deferring Alpha,"forged authority, mismatch, absence and zero tests",portal-understanding-final.log: actual validator and same-receipt assessment boundary PASS; DB NOT_RUN,BOUNDARY_PASS; full UI/DB pending,NOT_RUN
P2,Portal@7d8f2847ad1e717a97270750958b4cf243db4aab/docs/COMMERCIAL_CONTROL_PLANE_BLUEPRINT.md §3.5,Guided/Technical use the same facts,Alpha,Local view toggle and existing Portal guided mode,Strategic blueprint status is interpreted with §20 roadmap and specific current Alpha issues,Verify relevant current scope without silently expanding or deferring Alpha,browser comparison/citation checks,Pending frozen-candidate result,PENDING,NOT_RUN
P3,Portal@7d8f2847ad1e717a97270750958b4cf243db4aab/docs/COMMERCIAL_CONTROL_PLANE_BLUEPRINT.md §3.6; 3.10,AI is assistance and company variable cost is bounded,Alpha,Optional user BYOK only; no managed service added,Strategic blueprint status is interpreted with §20 roadmap and specific current Alpha issues,Verify relevant current scope without silently expanding or deferring Alpha,explicit consent/cap/reservation; no auto paid request,Pending frozen-candidate result,PENDING,NOT_RUN
P4,Portal@7d8f2847ad1e717a97270750958b4cf243db4aab/docs/COMMERCIAL_CONTROL_PLANE_BLUEPRINT.md §3.7; 9,No source/raw prompt/diff by default in Portal,Alpha,allowlisted summary + existing redaction and ingress rejection,Strategic blueprint status is interpreted with §20 roadmap and specific current Alpha issues,Verify relevant current scope without silently expanding or deferring Alpha,source/secret sentinel absence; forbidden-field rejection,portal-understanding-final.log: actual validator and same-receipt assessment boundary PASS; DB NOT_RUN,BOUNDARY_PASS; full UI/DB pending,NOT_RUN
P5,Portal@7d8f2847ad1e717a97270750958b4cf243db4aab/docs/COMMERCIAL_CONTROL_PLANE_BLUEPRINT.md §3.9; 8,Portable received memory and stable local ownership,Alpha,existing export/resync; source handoff local,Strategic blueprint status is interpreted with §20 roadmap and specific current Alpha issues,Verify relevant current scope without silently expanding or deferring Alpha,Portal portability/longitudinal gates; G8/G9,Pending frozen-candidate result,PENDING,NOT_RUN
P6,Portal@7d8f2847ad1e717a97270750958b4cf243db4aab/docs/COMMERCIAL_CONTROL_PLANE_BLUEPRINT.md §L1/L2/L2b/L4; 17,"Memory, links, requirements and longitudinal understanding",Alpha,existing canonical memory + new scoped baseline joins,Strategic blueprint status is interpreted with §20 roadmap and specific current Alpha issues,Verify relevant current scope without silently expanding or deferring Alpha,global corpus/intent versus proof; Portal exact snapshot history,Pending frozen-candidate result,PENDING,NOT_RUN
X1,Portal #45/#46/#47; Local #32,H12 PARTIAL and H15 bounded identity/idempotence evidence remain unchanged,Alpha,Preserve #44 lifecycle changes and their provenance,"WSL reboot, operator repair and historical limits not solved by this lot",Run new disposable MACHINE tests; operator independently signs HUMAN,"cold boot, stop/start, no orphan, identity recovery",Historical #47 remains authoritative,NOT_RUN,NOT_RUN
X2,#74 PM-012 and follow-up comments,Other Alpha blockers retain status/link,Alpha,"No budget inflation, no readiness transfer","100k latency, first-call incidents and prior old-server delivery incident OPEN",Keep original qualification gates and findings,exact-head CI reports; no re-run silently replaces a failure,Registry #74 follow-ups,OPEN,NOT_RUN
X3,Portal@7d8f2847ad1e717a97270750958b4cf243db4aab/docs/COMMERCIAL_CONTROL_PLANE_DELTA_AND_ROADMAP.md §6 (post/parallel moat; later Team/Enterprise),Strategic registry/policy/governance/SSO ambitions are not silently new Alpha obligations,Documented strategic horizons; existing Alpha exceptions still apply,Existing roadmap retained,No new implementation claimed,Resolve source conflict explicitly if an Alpha issue assigns a concrete promise,"Roadmap review, not an invented deferral",Blueprint §20 delegates implementation horizon to roadmap,NOT_APPLICABLE,NOT_RUN
